words|counts
tragedie|4
hamlet|100
actus|2
primus|1
scoena|1
prima|1
enter|85
barnardo|8
francisco|2
two|22
centinels|1
fran|8
nay|26
answer|9
stand|15
vnfold|3
selfe|68
bar|7
long|17
liue|15
king|172
come|104
carefully|1
vpon|52
houre|5
tis|69
strook|1
twelue|5
get|9
thee|58
bed|13
releefe|1
much|43
thankes|9
bitter|3
cold|6
sicke|4
heart|30
barn|10
haue|178
quiet|5
guard|3
mouse|3
stirring|1
well|71
goodnight|9
meet|4
horatio|40
marcellus|10
riuals|1
watch|14
bid|6
make|54
hast|28
thinke|43
heare|31
hor|95
friends|19
ground|8
mar|31
leige|1
men|10
dane|6
giue|59
good|98
night|38
o|67
farwel|1
honest|11
soldier|2
hath|57
relieu|1
d|223
fra|1
ha|27
place|6
exit|18
holla|1
say|52
peece|6
welcome|16
thing|25
appear|3
againe|34
seene|20
nothing|27
saies|3
fantasie|2
let|104
beleefe|1
take|32
hold|25
touching|3
dreaded|1
sight|8
twice|4
vs|64
therefore|14
intreated|1
along|3
minutes|1
apparition|2
may|65
approue|1
eyes|20
speake|55
tush|2
twill|4
appeare|3
sit|8
downe|28
assaile|1
eares|9
fortified|1
story|2
nights|4
last|13
yond|1
starre|4
westward|1
pole|2
made|29
course|5
illume|1
part|18
heauen|44
burnes|2
bell|2
beating|3
one|46
peace|10
breake|9
ghost|21
looke|31
comes|23
figure|4
like|80
dead|30
thou|107
art|17
scholler|1
lookes|7
marke|13
hora|9
harrowes|1
fear|1
wonder|4
spoke|2
question|14
vsurp|1
st|29
time|44
together|10
faire|20
warlike|4
forme|12
maiesty|8
buried|6
denmarke|20
sometimes|5
march|5
charge|7
offended|3
see|48
stalkes|1
away|27
stay|11
gone|13
tremble|2
look|7
pale|8
something|12
god|26
might|30
beleeue|17
without|13
sensible|2
true|22
auouch|1
mine|44
owne|31
thy|90
armour|2
th|62
ambitious|3
norwey|5
combatted|1
frown|1
angry|1
parle|1
smot|1
sledded|1
pollax|1
ice|2
strange|9
thus|41
iust|3
martiall|1
stalke|1
particular|5
thought|14
work|1
know|71
grosse|2
scope|2
opinion|1
boades|1
erruption|1
state|13
tell|43
knowes|3
strict|1
obseruant|1
nightly|2
toyles|1
subiect|3
land|5
dayly|1
cast|6
brazon|1
cannon|4
forraigne|1
mart|1
implements|1
warre|2
impresse|1
ship|2
wrights|1
whose|27
sore|3
taske|1
diuide|1
sunday|1
weeke|1
toward|4
sweaty|1
doth|27
ioynt|2
labourer|1
day|25
informe|1
least|3
whisper|1
goes|13
image|4
euen|21
fortinbras|13
norway|4
thereto|1
prick|1
emulate|1
pride|1
dar|2
combate|1
valiant|3
side|2
knowne|7
world|25
esteem|1
slay|1
seal|5
compact|1
ratified|1
law|7
heraldrie|1
forfeite|1
life|33
lands|4
stood|4
seiz|1
conqueror|1
moity|1
competent|1
gaged|1
return|4
inheritance|1
bin|7
vanquisher|1
cou|1
nant|1
carriage|1
article|1
designe|1
fell|8
sir|62
young|9
vnimproued|1
mettle|2
hot|6
full|10
skirts|1
heere|50
shark|1
vp|36
list|6
landlesse|1
resolutes|1
foode|1
diet|2
enterprize|2
stomacke|1
vnto|5
recouer|3
strong|4
hand|19
termes|3
compulsatiue|1
foresaid|1
father|50
lost|8
maine|3
motiue|4
preparations|1
sourse|2
cheefe|2
head|26
post|2
romage|1
soft|8
behold|1
loe|3
ile|58
crosse|2
though|22
blast|2
illusion|1
sound|7
vse|13
voyce|10
done|23
ease|4
grace|13
speak|5
priuy|1
countries|2
fate|2
happily|2
foreknowing|1
auoyd|2
oh|81
hoorded|1
extorted|1
treasure|4
wombe|1
earth|21
spirits|5
oft|10
walke|9
death|37
stop|4
shall|107
strike|2
partizan|1
wrong|8
maiesticall|2
offer|4
shew|20
violence|4
ayre|12
invulnerable|1
vaine|1
blowes|2
malicious|2
mockery|1
cocke|5
crew|2
started|1
guilty|5
fearfull|1
summons|1
heard|14
trumpet|4
lofty|1
shrill|1
sounding|1
throate|2
awake|2
warning|1
whether|4
sea|6
fire|11
extrauagant|1
erring|1
spirit|14
hyes|1
confine|2
truth|6
heerein|4
present|3
obiect|1
probation|1
faded|1
crowing|1
sayes|6
euer|13
gainst|5
season|7
wherein|4
sauiours|1
birch|1
celebrated|1
bird|2
dawning|1
singeth|1
abroad|1
wholsome|5
planets|1
faiery|1
talkes|1
witch|1
power|8
charme|1
hallow|1
gracious|6
morne|2
russet|1
mantle|1
clad|1
walkes|2
re|23
dew|3
yon|1
high|3
easterne|1
hill|3
aduice|3
impart|4
yong|8
dumbe|6
consent|3
acquaint|1
needfull|2
loues|6
fitting|1
duty|8
pray|28
morning|4
finde|13
conueniently|1
exeunt|23
scena|3
secunda|2
claudius|1
gertrude|13
queene|39
polonius|20
laertes|35
sister|8
ophelia|28
lords|5
attendant|4
yet|37
deere|20
brothers|9
memory|7
greene|3
befitted|1
beare|13
hearts|3
greefe|10
whole|8
kingdome|5
contracted|1
brow|4
woe|8
farre|12
discretion|4
fought|1
nature|24
wisest|3
sorrow|6
remembrance|3
selues|12
imperiall|2
ioyntresse|1
twere|10
defeated|1
ioy|8
auspicious|1
dropping|1
eye|14
mirth|2
funerall|3
dirge|1
marriage|6
equall|2
scale|2
weighing|1
delight|3
dole|1
taken|2
wife|8
barr|1
better|15
wisedomes|1
freely|5
affaire|3
followes|4
holding|1
weake|2
supposall|1
worth|1
thinking|3
late|10
disioynt|1
frame|4
colleagued|1
dreame|5
aduantage|1
fayl|1
pester|1
message|1
importing|2
surrender|1
bonds|2
brother|7
voltemand|3
cornelius|4
meeting|2
businesse|10
writ|6
vncle|3
impotent|1
bedrid|1
scarsely|1
heares|2
nephewes|2
purpose|12
suppresse|2
gate|2
leuies|2
lists|1
proportions|1
dispatch|2
bearing|1
greeting|1
old|17
giuing|4
personall|1
dilated|1
articles|1
allow|1
farewell|15
commend|4
volt|2
things|11
doubt|10
heartily|3
newes|11
told|5
suite|2
cannot|27
reason|12
loose|5
beg|1
asking|2
natiue|4
instrumentall|1
mouth|7
throne|2
laer|60
dread|5
lord|211
leaue|27
fauour|4
returne|5
france|5
whence|1
willingly|2
came|8
coronation|1
must|58
confesse|5
thoughts|17
wishes|1
bend|3
towards|2
bow|3
pardon|9
fathers|20
pollonius|1
pol|49
beseech|8
go|48
thine|14
best|11
graces|2
spend|1
cosin|3
sonne|20
ham|337
little|13
kin|15
lesse|7
kinde|11
clouds|3
still|18
hang|4
sun|3
queen|8
colour|4
friend|12
veyled|1
lids|1
seeke|8
noble|16
dust|7
common|8
liues|3
dye|5
passing|3
eternity|1
madam|12
seemes|8
alone|10
inky|1
cloake|1
mother|40
customary|1
suites|2
solemne|2
blacke|8
windy|1
suspiration|1
forc|2
breath|13
fruitfull|1
riuer|1
deiected|1
hauiour|1
visage|5
formes|3
moods|1
shewes|7
griefe|2
denote|1
truly|5
indeed|27
seeme|9
actions|1
man|46
play|43
within|20
passeth|1
show|4
trappings|1
sweet|22
commendable|1
mourning|1
duties|1
suruiuer|1
bound|5
filiall|1
obligation|2
terme|2
obsequious|1
perseuer|1
obstinate|1
condolement|1
impious|1
stubbornnesse|1
vnmanly|1
incorrect|1
vnfortified|1
minde|10
impatient|1
vnderstanding|3
simple|1
vnschool|1
vulgar|2
sence|3
peeuish|1
opposition|2
fye|2
fault|4
absurd|2
theame|2
cried|2
first|17
coarse|3
till|19
dyed|3
throw|4
vnpreuayling|1
note|6
immediate|1
nobility|1
loue|66
deerest|1
beares|3
intent|2
going|2
backe|6
schoole|1
wittenberg|3
retrograde|1
desire|7
remaine|1
cheere|2
comfort|1
cheefest|1
courtier|3
qu|62
lose|4
prayers|1
prythee|5
obey|7
louing|3
reply|2
gentle|4
vnforc|1
accord|1
sits|4
smiling|3
whereof|2
iocond|1
health|5
drinkes|2
great|19
clowds|1
kings|8
rouce|1
heauens|10
bruite|2
respeaking|1
earthly|1
thunder|2
manet|3
solid|1
flesh|5
melt|2
thaw|1
resolue|1
euerlasting|1
fixt|3
slaughter|2
weary|2
stale|1
flat|3
vnprofitable|1
vses|3
fie|5
vnweeded|1
garden|2
growes|4
seed|1
rank|1
possesse|1
meerely|2
months|1
excellent|11
hiperion|1
satyre|1
beteene|1
windes|2
visit|4
face|10
roughly|2
remember|12
encrease|1
appetite|1
growne|4
fed|1
month|2
frailty|1
name|10
woman|7
ere|15
shooes|2
followed|2
poore|20
body|16
niobe|1
teares|8
beast|5
wants|2
discourse|5
mourn|1
longer|5
married|3
vnkle|4
hercules|3
moneth|2
salt|3
vnrighteous|1
left|4
flushing|1
gauled|1
wicked|5
speed|4
dexterity|1
incestuous|4
sheets|1
tongue|14
haile|1
lordship|6
glad|4
forget|4
seruant|1
change|3
faith|12
wittemberge|1
truant|2
disposition|5
enemy|2
doe|51
eare|17
truster|1
report|5
elsenour|1
wee|20
l|24
teach|5
drinke|14
deepe|3
depart|1
mock|3
fellow|9
student|1
mothers|6
wedding|1
hard|3
thrift|4
bakt|1
meats|1
coldly|2
furnish|1
forth|5
tables|3
met|1
dearest|1
foe|2
thinkes|5
minds|2
saw|14
goodly|3
yesternight|1
admiration|3
attent|1
deliuer|5
witnesse|1
gentlemen|12
maruell|1
wast|1
middle|2
beene|13
encountred|1
arm|4
points|2
exactly|1
cap|3
pe|1
appeares|3
sollemne|1
slow|2
stately|1
thrice|4
walkt|1
opprest|1
feare|21
surprized|1
truncheons|1
length|4
whilst|3
bestil|1
almost|7
ielly|1
act|9
dreadfull|3
secrecie|2
third|3
kept|4
whereas|1
word|12
knew|5
hands|9
platforme|2
watcht|1
answere|4
none|13
lifted|1
addresse|1
motion|2
lowd|2
shrunke|1
vanisht|1
honourd|1
sirs|3
troubles|2
top|8
toe|2
foote|3
yes|5
wore|1
beauer|1
lookt|2
frowningly|1
countenance|5
anger|1
red|3
constantly|1
amaz|1
staid|3
moderate|1
hundred|2
beard|6
grisly|1
sable|2
siluer|2
perchance|5
wake|2
warrant|5
assume|3
person|3
hell|10
gape|1
hitherto|2
conceald|1
bee|16
treble|1
silence|5
whatsoeuer|1
els|2
hap|1
requite|1
fare|6
ye|11
twixt|2
eleuen|1
honour|7
armes|9
foule|12
soule|33
deeds|1
rise|2
orewhelm|1
mens|3
eies|1
tertia|1
necessaries|1
imbark|1
winds|1
benefit|1
conuoy|1
assistant|2
sleepe|11
ophel|2
trifling|1
fauours|2
fashion|8
toy|2
bloude|1
violet|1
youth|14
primy|1
froward|1
permanent|1
lasting|2
suppliance|1
minute|1
cressant|1
grow|7
thewes|1
bulke|2
temple|1
waxes|2
inward|2
seruice|6
wide|4
withall|6
perhaps|5
soyle|1
cautell|1
besmerch|1
vertue|13
greatnesse|1
weigh|3
hee|21
himselfe|20
birth|2
vnuallued|1
persons|2
carue|1
choyce|3
depends|2
sanctity|1
circumscrib|1
yeelding|1
fits|2
wisedome|5
peculiar|2
sect|1
force|4
saying|1
deed|8
weight|1
losse|1
sustaine|1
credent|1
songs|2
chast|2
open|3
vnmastred|1
importunity|1
deare|9
keepe|17
reare|1
affection|4
shot|4
danger|4
chariest|1
maid|6
prodigall|2
enough|6
vnmaske|1
beauty|3
moone|4
scapes|1
calumnious|1
stroakes|1
canker|2
galls|2
infants|1
spring|3
buttons|1
disclos|2
liquid|1
contagious|1
blastments|1
imminent|1
wary|2
safety|4
lies|4
rebels|1
else|13
neere|9
ophe|56
effect|6
lesson|1
watchmen|1
vngracious|1
pastors|1
steepe|1
thorny|1
way|11
puft|1
recklesse|1
libertine|1
primrose|1
path|1
dalliance|1
treads|1
reaks|1
reade|2
double|6
blessing|5
occasion|2
smiles|1
second|10
polon|38
aboord|3
shame|7
winde|12
shoulder|1
saile|3
precepts|2
character|2
vnproportion|1
familiar|1
meanes|19
adoption|1
tride|1
grapple|2
hoopes|1
steele|3
dull|5
palme|2
entertainment|3
vnhatch|1
vnfledg|1
comrade|1
beware|2
entrance|1
quarrell|1
bear|1
opposed|1
euery|8
mans|5
censure|3
reserue|1
iudgement|10
costly|1
habit|1
purse|2
buy|5
exprest|1
fancie|1
rich|3
gawdie|1
apparell|1
proclaimes|2
ranck|1
station|2
select|1
generous|3
cheff|1
neither|6
borrower|1
lender|1
lone|1
loses|1
borrowing|1
duls|1
edge|3
husbandry|1
aboue|4
follow|21
canst|2
false|6
humbly|4
inuites|1
goe|17
seruants|2
tend|4
said|13
lockt|1
key|1
ist|4
please|11
somthing|2
ord|1
marry|15
bethought|1
giuen|10
priuate|1
audience|5
free|11
bounteous|1
put|22
caution|1
vnderstand|6
cleerely|1
behoues|1
daughter|16
betweene|15
many|15
tenders|3
puh|2
girle|1
vnsifted|1
perillous|1
circumstance|6
call|23
baby|2
tane|3
pay|3
starling|1
tender|3
dearly|1
crack|2
phrase|9
roaming|1
foole|6
importun|1
honourable|3
speech|16
vowes|6
springes|1
catch|2
woodcocks|1
bloud|4
giues|7
blazes|1
light|8
heate|4
extinct|1
promise|2
making|5
somewhat|1
scanter|1
maiden|2
presence|3
set|22
entreatments|1
higher|1
rate|1
command|13
parley|1
larger|1
tether|1
broakers|1
inuestments|1
meere|3
implorators|1
vnholy|1
sutes|1
breathing|2
sanctified|1
pious|2
beguile|2
plaine|1
tearmes|2
slander|1
moment|2
leisure|1
words|19
talke|2
wayes|3
bites|1
shrewdly|1
nipping|1
eager|1
hower|3
lacks|1
strooke|3
drawes|2
held|2
wont|3
meane|12
takes|7
rouse|2
keepes|6
wassels|1
swaggering|1
vpspring|1
reeles|1
dreines|1
draughts|1
renish|2
kettle|2
drum|1
bray|1
triumph|1
pledge|1
horat|1
custome|8
mind|2
manner|1
borne|8
breach|1
obseruance|2
angels|3
ministers|1
defend|2
goblin|1
damn|5
bring|12
ayres|1
blasts|1
euents|1
charitable|2
com|2
questionable|1
shape|6
royall|3
burst|3
ignorance|3
canoniz|1
bones|4
hearsed|1
cerments|1
sepulcher|1
quietly|1
enurn|1
op|1
ponderous|1
marble|1
iawes|1
compleat|1
reuisits|1
glimpses|1
hidious|1
fooles|2
horridly|2
shake|3
beyond|2
reaches|1
soules|5
wherefore|3
beckens|1
beckons|1
impartment|1
courteous|1
action|10
wafts|2
remoued|1
pins|1
fee|2
immortall|1
waues|1
tempt|3
floud|1
sonnet|1
cliffe|1
beetles|1
base|4
assumes|1
horrible|4
depriue|1
soueraignty|1
draw|9
madnesse|21
rul|2
cries|5
makes|16
petty|1
artire|1
hardy|1
nemian|1
lions|1
nerue|1
cal|2
vnhand|1
heau|2
n|5
lets|3
desperate|5
imagination|4
fit|12
issue|2
rotten|2
direct|4
wilt|8
lead|3
gho|9
sulphurous|1
tormenting|1
flames|1
render|1
alas|9
pitty|2
lend|4
serious|1
hearing|4
reuenge|11
shalt|5
doom|1
certaine|4
confin|1
fast|4
fiers|1
crimes|3
dayes|6
burnt|1
purg|1
forbid|2
secrets|1
prison|5
house|4
could|31
tale|4
lightest|1
harrow|1
freeze|1
blood|12
starres|3
start|4
spheres|1
knotty|1
combined|1
lockes|1
haire|2
end|17
quilles|1
fretfull|1
porpentine|1
eternall|2
blason|1
didst|1
vnnaturall|4
murther|10
wings|2
swift|2
meditation|1
sweepe|1
apt|2
duller|1
fat|6
weede|1
rots|1
lethe|1
wharfe|1
stirre|3
sleeping|4
orchard|2
serpent|2
stung|1
forged|1
processe|3
rankly|1
abus|1
sting|2
weares|1
crowne|6
propheticke|1
adulterate|1
witchcraft|2
wits|6
traitorous|1
guifts|1
wit|4
gifts|4
seduce|1
won|1
shamefull|1
lust|2
seeming|4
vertuous|1
falling|2
dignity|2
went|5
vow|2
decline|1
wretch|3
naturall|5
neuer|24
wil|4
moued|1
lewdnesse|1
court|4
radiant|1
angell|2
link|1
sate|3
celestiall|2
prey|1
garbage|1
sent|14
mornings|1
briefe|2
alwayes|2
afternoone|1
secure|2
stole|3
iuyce|1
cursed|4
hebenon|1
violl|1
porches|1
poure|1
leaperous|1
distilment|1
holds|5
enmity|1
quick|1
courses|1
gates|1
allies|1
sodaine|5
vigour|1
posset|1
curd|1
aygre|1
droppings|1
milke|1
thin|1
instant|4
tetter|1
bak|2
lazar|1
vile|1
loathsome|1
crust|1
smooth|2
dispatcht|1
cut|2
blossomes|1
sinne|2
vnhouzzled|1
disappointed|1
vnnaneld|1
reckoning|1
account|1
imperfections|1
couch|2
luxury|1
damned|6
incest|1
howsoeuer|1
pursuest|1
taint|1
contriue|2
ought|9
thornes|1
bosome|4
lodge|1
pricke|1
glow|2
worme|1
showes|1
matine|1
gins|1
vneffectuall|1
adue|5
host|1
couple|1
sinnewes|1
stiffely|1
seate|1
distracted|4
globe|1
yea|4
table|7
wipe|2
triuiall|1
fond|2
records|1
sawes|1
bookes|1
presures|1
past|4
obseruation|1
coppied|1
commandment|1
booke|4
volume|1
braine|5
vnmixt|1
baser|2
matter|26
pernicious|1
villaine|11
smile|2
m|5
sure|7
vnckle|3
sworn|1
illo|1
ho|6
hillo|1
boy|3
wonderfull|2
reueale|1
think|4
secret|4
nere|1
dwelling|1
arrant|2
knaue|5
needs|6
graue|15
right|11
busines|1
desires|3
point|5
wild|2
hurling|1
sorry|2
offend|1
offence|9
saint|1
patricke|1
vision|1
remaster|1
schollers|2
soldiers|3
request|1
known|1
seen|2
swear|1
infaith|2
sword|16
marcell|1
sworne|2
already|4
sweare|9
vnder|5
stage|4
ah|2
sayest|1
truepenny|1
selleredge|1
propose|2
oath|2
hic|1
vbique|1
shift|1
grownd|2
hither|8
lay|8
mole|1
worke|9
worthy|1
pioner|1
remoue|2
wondrous|2
stranger|1
dream|1
philosophy|1
helpe|12
mercy|5
odde|2
heereafter|1
anticke|2
seeing|4
encombred|1
pronouncing|1
doubtfull|2
ambiguous|1
neede|3
rest|14
perturbed|1
expresse|3
friending|1
willing|2
lacke|5
fingers|4
lippes|1
spight|1
secundus|1
reynoldo|4
money|1
notes|1
reynol|13
maruels|1
wisely|2
visite|1
inquiry|1
behauiour|1
intend|1
enquire|1
danskers|1
paris|1
company|1
expence|1
finding|2
encompassement|1
drift|4
neerer|3
demands|2
touch|7
distant|1
knowledge|1
hees|1
wilde|2
addicted|1
forgeries|1
ranke|6
dishonour|2
heed|1
wanton|3
vsuall|1
slips|1
companions|1
noted|1
liberty|4
gaming|3
drinking|1
fencing|1
swearing|2
quarelling|1
drabbing|1
another|8
scandall|1
incontinencie|1
meaning|1
faults|3
quaintly|1
taints|1
flash|1
fiery|2
sauagenes|1
vnreclaim|1
generall|6
assault|1
belieue|1
fetch|2
laying|2
slight|1
sulleyes|1
soil|1
working|2
party|1
conuerse|1
hauing|2
prenominate|1
assur|2
closes|4
consequence|4
gentleman|9
according|2
addition|1
country|2
yesterday|1
tother|1
retooke|1
tennis|1
videlicet|1
brothell|1
bait|1
falshood|1
cape|1
reach|1
windlesses|1
assaies|1
bias|1
indirections|1
directions|1
former|2
lecture|1
obserue|3
inclination|2
plye|1
musicke|7
affrighted|1
sowing|1
chamber|4
doublet|1
vnbrac|1
hat|2
stockings|1
foul|1
vngartred|1
giued|1
anckle|1
shirt|1
knees|2
knocking|1
pitious|1
purport|1
loosed|1
horrors|1
mad|21
tooke|5
wrist|1
arme|5
fals|2
perusall|1
shaking|1
wauing|1
rais|1
sigh|2
pittious|1
profound|2
shatter|1
ouer|8
shoulders|1
turn|5
seem|2
adores|1
bended|1
extasie|4
violent|4
property|3
foredoes|1
leads|1
vndertakings|1
passion|11
afflict|1
natures|2
sorrie|2
repell|1
letters|7
deny|3
de|2
accesse|1
quoted|1
trifle|1
meant|4
wracke|1
beshrew|1
iealousie|2
proper|2
age|8
opinions|2
yonger|1
sort|2
close|3
moue|6
hide|4
hate|1
vtter|1
rosincrane|3
guildensterne|17
cum|1
alijs|1
rosincrance|11
moreouer|1
prouoke|1
hastie|1
sending|2
hamlets|7
transformation|1
since|15
exterior|1
resembles|1
deeme|1
intreat|2
brought|5
neighbour|1
humour|1
vouchsafe|3
companies|1
pleasures|2
gather|3
occasions|2
gleane|1
remedie|1
talk|1
liuing|2
adheres|1
gentrie|1
expend|1
supply|1
profit|2
hope|7
visitation|3
receiue|7
rosin|43
maiesties|2
soueraigne|3
entreatie|1
guil|10
bent|3
seruices|1
feete|1
commanded|1
instantly|1
changed|1
practises|1
pleasant|1
helpfull|1
amen|1
ambassadors|3
ioyfully|1
assure|1
liege|3
dutie|5
hunts|1
traile|2
policie|1
found|5
cause|13
lunacie|1
admittance|1
feast|3
tels|1
sonnes|2
distemper|4
hasty|1
voltumand|2
sift|1
frends|1
greetings|1
preparation|1
poleak|2
highnesse|1
whereat|1
greeued|1
sicknesse|2
impotence|1
falsely|1
sends|3
arrests|1
breefe|3
obeyes|1
receiues|1
rebuke|1
fine|9
assay|3
maiestie|7
whereon|5
ouercome|1
three|9
thousand|8
crownes|1
annuall|1
commission|5
imploy|1
leuied|1
intreaty|1
shewne|1
passe|5
dominions|1
regards|1
allowance|2
therein|1
likes|3
consider|3
read|3
thanke|7
labour|2
home|6
ambass|1
ended|1
expostulate|1
waste|2
breuitie|1
tediousnesse|1
limbes|2
outward|3
flourishes|1
define|1
pittie|2
foolish|3
grant|1
remaines|3
rather|4
defect|1
defectiue|1
remainder|1
perpend|1
whil|3
obedience|2
surmise|1
letter|3
idoll|1
beautifed|1
ill|6
vilde|5
beautified|1
white|4
awhile|4
faithfull|3
sunne|3
lier|1
numbers|1
reckon|1
grones|1
adieu|1
euermore|1
lady|10
machine|1
soliciting|1
receiu|3
wold|1
faine|3
proue|3
wing|1
perceiued|1
playd|1
deske|1
winking|1
mute|1
idle|4
round|6
mistris|3
bespeake|1
prince|3
gaue|7
locke|3
resort|1
admit|2
messengers|1
tokens|1
fruites|1
repulsed|1
short|5
sadnesse|1
thence|4
weaknesse|2
lightnesse|1
declension|1
raues|1
waile|1
likely|2
bene|4
fain|1
possitiuely|1
prou|3
otherwise|3
circumstances|1
leade|1
hid|2
indeede|3
center|1
try|5
foure|4
houres|2
lobby|2
behinde|5
arras|3
encounter|3
falne|2
thereon|1
farme|1
carters|1
reading|2
sadly|1
boord|1
presently|5
y|3
fishmonger|2
pick|1
breed|2
magots|2
dogge|2
kissing|2
carrion|1
thsunne|1
conception|1
conceiue|1
harping|1
suffred|1
extreamity|1
slanders|1
satyricall|1
slaue|5
gray|1
beards|1
faces|2
wrinkled|1
purging|2
thicke|3
amber|1
plum|1
tree|2
gumme|1
plentifull|1
hammes|1
powerfully|1
potently|1
holde|1
honestie|4
crab|1
backward|1
method|2
pregnant|2
replies|1
happinesse|1
often|2
hits|3
sanitie|1
prosperously|1
sodainely|1
except|1
tedious|2
rosincran|1
saue|5
guild|20
lads|1
indifferent|3
children|3
happy|3
fortunes|6
button|1
soales|1
shoo|1
priuates|1
parts|1
fortune|10
strumpet|2
doomesday|2
deserued|1
denmark|2
confines|1
wards|1
dungeons|1
worst|1
either|4
bad|7
ambition|5
narrow|1
bounded|1
nutshell|1
count|4
infinite|3
space|1
dreames|4
substance|1
shadow|3
truely|1
ayry|1
quality|3
shadowes|2
beggers|2
bodies|4
monarchs|1
stretcht|1
heroes|1
fey|1
wait|2
dreadfully|1
attended|1
beaten|1
friendship|2
elsonower|3
begger|3
thanks|1
halfepeny|1
inclining|1
deale|1
iustly|3
confession|3
modesties|1
craft|2
color|1
mee|10
coniure|2
rights|1
fellowship|2
consonancy|1
preserued|1
proposer|1
anticipation|1
preuent|2
discouery|1
secricie|1
moult|1
feather|1
forgone|1
exercise|3
heauenly|3
sterrill|1
promontory|1
canopy|1
braue|3
ore|7
hanging|1
roofe|1
fretted|1
golden|2
pestilent|2
congregation|1
vapours|1
piece|1
faculty|2
mouing|1
admirable|1
angel|1
apprehension|2
parragon|1
animals|1
quintessence|1
delights|3
stuffe|3
laugh|6
lenton|1
players|19
coated|1
comming|4
playes|1
tribute|2
aduenturous|1
knight|1
shal|4
foyle|1
target|1
louer|1
gratis|1
humorous|1
clowne|3
lungs|2
tickled|1
sere|1
blanke|1
verse|1
halt|1
tragedians|1
city|2
chances|1
trauaile|1
residence|1
reputation|1
inhibition|1
innouation|1
estimation|1
rusty|1
indeauour|1
wonted|2
pace|3
ayrie|1
yases|1
crye|1
tyrannically|1
clap|1
ratled|1
stages|1
wearing|1
rapiers|3
affraide|1
goose|1
quils|1
dare|3
scarse|1
thither|2
maintains|1
em|2
escorted|1
pursue|2
sing|5
afterwards|1
themselues|5
writers|1
exclaim|1
succession|2
sides|3
nation|2
tarre|1
controuersie|1
mony|1
argument|3
vnlesse|3
poet|1
player|4
cuffes|1
possible|3
throwing|1
braines|5
boyes|1
carry|3
load|1
mowes|1
liued|3
twenty|2
forty|1
ducates|1
picture|2
philosophie|1
flourish|4
welcom|1
appurtenance|1
ceremony|1
comply|1
garbe|1
lest|2
extent|1
fairely|1
aunt|1
deceiu|1
north|2
west|1
southerly|1
hawke|1
handsaw|1
hearke|1
hearer|1
swathing|1
clouts|1
childe|2
prophesie|2
mark|2
monday|1
twas|5
rossius|1
actor|3
rome|1
actors|2
buzze|2
honor|7
asse|4
comedie|2
historie|1
pastorall|3
pastoricall|1
comicall|2
historicall|3
tragicall|2
scene|1
indiuidible|1
poem|1
vnlimited|1
seneca|1
heauy|4
plautus|1
onely|5
iephta|3
iudge|3
israel|1
loued|3
lot|1
wot|1
rowe|1
pons|1
chanson|1
abridgements|1
fiue|1
masters|4
olde|2
byrlady|2
ladiship|1
altitude|1
choppine|1
voice|2
vncurrant|1
gold|1
ring|4
e|7
ne|3
french|5
faulconers|1
flie|1
straight|3
tast|1
passionate|2
1|4
acted|1
pleas|2
million|1
cauiarie|1
others|4
matters|3
digested|1
scoenes|1
modestie|4
cunning|4
sallets|1
lines|3
sauory|1
indite|1
author|2
affectation|1
cheefely|1
lou|4
aeneas|1
dido|1
thereabout|1
especially|1
speaks|1
priams|1
begin|6
line|1
rugged|2
pyrrhus|10
hyrcanian|1
begins|2
resemble|1
couched|1
ominous|1
horse|4
complexion|2
smear|1
heraldry|1
dismall|2
geulles|1
trick|1
daughters|1
impasted|1
parching|1
streets|1
tyrannous|1
murthers|1
roasted|1
wrath|1
sized|1
coagulate|1
gore|1
carbuncles|1
hellish|1
grandsire|1
priam|4
seekes|2
fore|3
spoken|2
accent|2
anon|6
findes|2
striking|1
greekes|1
rebellious|2
lyes|2
falles|3
repugnant|1
vnequall|1
match|2
driues|1
rage|3
strikes|1
whiffe|1
vnnerued|1
senselesse|2
illium|1
feele|1
blow|2
flaming|2
stoopes|1
bace|1
hideous|1
crash|1
prisoner|2
declining|1
milkie|1
reuerend|1
sticke|3
painted|2
tyrant|1
newtrall|1
storme|1
racke|1
bold|3
speechlesse|1
orbe|1
hush|1
rend|2
region|2
pause|3
rowsed|1
vengeance|2
sets|1
new|4
cyclops|1
hammers|1
fall|8
mars|2
armours|1
forg|1
proofe|6
eterne|1
remorse|1
bleeding|1
gods|6
synod|1
spokes|1
fallies|1
wheele|3
boule|1
naue|1
low|1
fiends|1
barbars|1
iigge|2
baudry|1
sleepes|4
hecuba|4
inobled|3
run|2
bare|3
foot|2
threatning|1
flame|2
bisson|1
rheume|1
clout|1
diadem|2
robe|1
lanke|1
teamed|1
loines|1
blanket|1
alarum|1
caught|3
venome|2
steep|1
treason|5
pronounc|2
sport|2
mincing|1
husbands|3
clamour|1
mortall|4
milche|1
burning|2
soone|1
wel|2
bestow|5
abstracts|1
chronicles|1
epitaph|2
desart|2
bodykins|1
euerie|1
scape|2
whipping|1
deserue|1
merit|2
bountie|1
morrow|5
dost|11
gonzago|4
need|1
study|1
dosen|1
sixteene|1
insert|1
til|1
rogue|2
pesant|2
monstrous|1
fixion|1
conceit|5
warm|1
distraction|2
aspect|1
broken|1
function|1
suiting|1
weepe|4
cue|1
drowne|5
cleaue|1
horrid|2
apale|1
confound|2
ignorant|2
amaze|1
muddy|2
metled|1
rascall|1
peake|1
iohn|1
vnpregnant|1
defeate|1
coward|1
calles|1
breakes|1
pate|4
pluckes|2
tweakes|1
nose|2
lye|8
pigeon|1
liuer|1
gall|3
oppression|1
fatted|1
kites|1
slaues|1
offall|1
bloudy|1
bawdy|1
remorselesse|1
treacherous|2
letcherous|1
kindles|1
murthered|1
prompted|1
whore|1
vnpacke|1
cursing|1
drab|1
scullion|1
foh|1
creatures|3
sitting|1
scoene|2
proclaim|1
malefactions|1
myraculous|1
organ|1
murder|3
rent|1
quicke|6
blench|1
diuell|4
diuel|2
pleasing|1
melancholly|2
potent|2
abuses|1
damne|1
grounds|1
relatiue|1
conscience|8
guildenstern|2
puts|2
confusion|1
grating|1
harshly|1
turbulent|1
dangerous|6
lunacy|1
feeles|1
forward|1
sounded|1
crafty|1
aloofe|2
forcing|1
niggard|1
pastime|2
wrought|1
order|3
intreate|1
content|3
inclin|1
driue|2
closely|1
accident|3
affront|1
lawful|1
espials|1
vnseene|3
frankely|2
behaued|1
affliction|3
suffers|2
wish|4
beauties|1
wildenesse|1
vertues|1
honors|1
lonelinesse|1
blame|4
deuotions|1
surge|1
smart|1
lash|1
harlots|1
cheeke|2
beautied|1
plaist|1
vgly|1
helpes|1
deede|2
heauie|2
burthen|1
withdraw|3
nobler|1
suffer|3
slings|1
arrowes|2
outragious|1
opposing|1
ake|2
shockes|1
heyre|1
consummation|1
deuoutly|1
rub|2
shuffel|1
coile|1
pawse|1
respect|1
calamity|1
whips|2
scornes|1
oppressors|1
contumely|1
pangs|1
dispriz|1
lawes|1
delay|2
insolence|1
office|1
spurnes|2
patient|3
vnworthy|2
quietus|1
bodkin|1
fardles|1
grunt|1
sweat|2
vndiscouered|1
countrey|1
traueller|1
returnes|2
puzels|1
illes|1
flye|4
cowards|1
hew|2
resolution|1
sicklied|1
enterprizes|1
pith|2
regard|1
currants|2
turne|4
nimph|1
orizons|1
sinnes|2
remembred|1
remembrances|1
longed|1
compos|1
perfume|1
wax|1
giuers|1
vnkinde|1
honesty|1
beautie|4
comerce|1
trulie|1
sooner|2
transforme|1
bawd|1
translate|2
likenesse|1
sometime|1
paradox|1
beleeued|1
innocculate|1
stocke|1
rellish|2
deceiued|1
nunnerie|1
breeder|1
sinners|1
accuse|1
prowd|1
reuengefull|1
offences|2
becke|1
acte|4
fellowes|5
crawling|1
knaues|1
nunnery|4
doores|2
shut|1
doest|1
plague|2
dowrie|1
pure|2
snow|4
escape|2
calumny|1
fool|1
wise|2
monsters|1
quickly|1
farwell|1
powers|2
restore|1
pratlings|1
gidge|1
amble|1
lispe|1
nickname|1
wantonnesse|1
marriages|1
keep|1
throwne|3
courtiers|2
expectansie|1
rose|4
glasse|2
mould|1
obseru|1
obseruers|1
quite|4
ladies|4
deiect|1
wretched|4
suck|2
honie|1
bels|1
iangled|1
tune|2
harsh|2
vnmatch|1
feature|2
blowne|2
blasted|2
affections|1
spake|1
lack|1
brood|1
hatch|1
disclose|1
determination|1
england|20
demand|2
neglected|2
haply|2
seas|2
different|1
variable|2
obiects|1
expell|2
setled|1
origin|1
commencement|1
sprung|1
saide|2
greefes|2
plac|2
conference|1
send|4
ones|3
vnwatch|1
trippingly|1
town|1
cryer|1
gently|1
verie|11
torrent|1
tempest|1
whirle|1
acquire|1
beget|1
temperance|1
smoothnesse|1
offends|1
robustious|1
pery|1
wig|1
pated|1
teare|3
tatters|1
ragges|1
split|1
groundlings|1
capeable|2
inexplicable|1
noise|7
whipt|1
termagant|1
outherod|1
herod|1
auoid|1
tame|3
neyther|2
tutor|1
sute|1
speciall|3
fro|2
playing|2
twer|1
mirrour|1
scorne|1
bodie|2
pressure|1
tardie|1
vnskilfull|1
iudicious|1
greeue|2
reway|1
theater|1
praise|3
highly|1
prophanely|1
christians|1
christian|6
pagan|1
norman|3
strutted|1
bellowed|1
iouerney|1
imitated|1
humanity|1
abhominably|1
reform|1
indifferently|1
reforme|1
altogether|1
clownes|2
quantitie|3
barren|1
spectators|1
necessary|2
considered|1
villanous|1
pittifull|1
readie|2
hasten|1
hoa|5
eene|1
conuersation|1
coap|1
flatter|2
aduancement|2
reuennew|1
feed|3
cloath|1
shold|1
poor|1
candied|1
pompe|1
crooke|1
hindges|1
knee|1
faining|1
choyse|1
distinguish|1
election|3
suffering|1
buffets|1
rewards|2
blest|2
co|1
mingled|1
pipe|3
finger|3
passions|1
weare|4
core|1
comment|1
occulted|1
guilt|3
vnkennell|1
imaginations|1
vulcans|1
stythe|1
riuet|1
iudgements|2
ioyne|2
steale|1
detecting|1
theft|1
carrying|1
torches|1
danish|6
fares|2
ifaith|2
camelions|1
dish|1
eate|2
cramm|1
capons|1
plaid|2
vniuersity|1
accounted|1
enact|2
iulius|1
caesar|2
kill|8
capitol|1
brutus|1
capitall|2
calfe|1
ready|1
patience|5
attractiue|1
ladie|1
lap|2
ly|1
maids|3
legs|1
merrie|2
maker|4
cheerefully|2
moneths|2
sables|1
ago|1
forgotten|1
memorie|2
halfe|5
yeare|5
builde|1
churches|1
hoby|2
horsse|1
forgot|5
hoboyes|1
enters|1
louingly|1
embracing|1
kneeles|1
protestation|1
declines|1
neck|1
layes|1
banke|1
flowers|3
leaues|3
kisses|3
powres|2
poyson|9
exits|1
poysoner|2
mutes|2
lament|2
carried|1
wooes|1
loath|1
vnwilling|1
accepts|1
miching|1
malicho|1
mischeefe|1
belike|2
imports|3
counsell|3
asham|1
naught|2
prologue|4
stooping|1
clemencie|1
begge|6
patientlie|1
poesie|1
womans|1
thirtie|2
times|7
phoebus|1
cart|1
gon|1
neptunes|1
wash|2
tellus|1
orbed|1
dozen|2
moones|1
borrowed|1
sheene|1
thirties|1
hymen|1
vnite|1
comutuall|1
sacred|1
bands|1
bap|3
iournies|1
distrust|2
discomfort|1
womens|1
extremity|1
siz|1
shortly|4
operant|1
functions|1
belou|1
husband|8
brest|1
accurst|1
wed|3
wormwood|2
bapt|1
instances|1
respects|1
determine|1
validitie|1
fruite|1
vnripe|1
stickes|1
vnshaken|1
mellow|1
debt|1
ending|1
ennactors|1
destroy|2
reuels|1
ioyes|2
greeues|1
slender|1
aye|2
fauourites|1
flies|1
aduanc|1
enemies|2
frend|1
want|2
hollow|1
directly|1
seasons|1
enemie|1
orderly|1
begun|4
willes|1
fates|1
contrary|1
deuices|1
ouerthrowne|1
ends|2
die|2
food|1
repose|1
opposite|1
blankes|1
hence|5
strife|1
widdow|1
deepely|1
rocke|1
mischance|2
twaine|2
protests|1
shee|4
iest|3
trap|1
tropically|1
vienna|1
dukes|1
baptista|1
knauish|2
touches|1
iade|1
winch|1
withers|1
vnrung|1
lucianus|2
nephew|1
chorus|1
interpret|1
puppets|1
dallying|1
keene|2
cost|2
groaning|1
worse|3
mistake|1
murderer|2
pox|1
damnable|1
croaking|1
rauen|1
bellow|1
lucian|1
drugges|1
agreeing|1
confederate|1
creature|2
mixture|1
midnight|1
weeds|2
collected|2
hecats|1
ban|1
infected|1
magicke|1
dire|1
propertie|1
vsurpe|1
immediately|1
poysons|1
estate|3
extant|1
italian|1
murtherer|1
gets|1
rises|2
frighted|1
lights|4
strucken|1
hart|1
vngalled|1
runnes|1
forrest|1
feathers|1
turke|1
prouinciall|1
roses|1
rac|1
crie|1
share|1
damon|1
realme|1
dismantled|1
ioue|2
reignes|1
paiocke|1
rim|1
ghosts|1
pound|1
perceiue|1
poysoning|1
musick|1
recorders|1
perdie|1
history|1
retyrement|1
maruellous|1
choller|2
richer|2
signifie|2
doctor|1
purgation|1
plundge|1
wildely|2
affayre|1
pronounce|1
courtesie|1
ment|3
diseas|1
answers|1
therfore|1
behauior|1
stroke|1
amazement|2
astonish|1
sequell|1
heeles|4
closset|2
ten|3
trade|2
pickers|1
stealers|1
barre|1
doore|4
libertie|1
grasse|2
prouerbe|1
musty|1
recorder|2
toyle|1
vnmannerly|1
easie|1
lying|1
gouerne|1
ventiges|1
thumbe|1
stoppes|1
vtterance|1
hermony|1
skill|3
stops|1
pluck|2
mysterie|1
lowest|1
compasse|1
organe|1
easier|1
instrument|2
fret|1
blesse|3
clowd|1
camell|2
masse|3
weazell|2
back|2
whale|2
easily|1
witching|1
churchyards|1
yawne|1
breaths|1
contagion|2
drink|1
quake|1
nero|1
firme|1
cruell|2
daggers|2
hypocrites|1
someuer|1
shent|1
seales|1
stands|3
safe|2
range|1
prepare|3
forthwith|1
endure|1
hazard|1
hourely|1
lunacies|1
prouide|1
holie|1
religious|1
feede|2
single|2
strength|1
noyance|1
rests|2
cease|2
dies|1
gulfe|1
massie|1
somnet|1
highest|1
mount|2
huge|1
spoakes|1
lesser|1
mortiz|1
adioyn|1
small|1
annexment|1
pettie|1
attends|1
boystrous|1
ruine|1
sighe|1
grone|1
speedie|1
voyage|2
fetters|1
footed|1
haste|2
gent|2
conuey|1
tax|1
meete|4
partiall|1
vantage|2
smels|1
primall|1
eldest|1
curse|1
sharpe|1
stronger|4
defeats|1
neglect|1
thicker|1
raine|1
whereto|4
serues|2
confront|1
prayer|2
fold|1
stalled|1
serue|1
forgiue|2
possest|1
effects|3
retaine|1
corrupted|1
gilded|1
shoue|1
iustice|1
prize|1
buyes|1
shuffling|2
compell|1
teeth|2
forehead|2
euidence|1
repentance|1
repent|3
limed|1
strugling|1
ingag|1
stubborne|1
strings|1
sinewes|1
babe|1
pat|1
praying|1
doo|5
reueng|3
scann|1
killes|3
hyre|1
sallery|1
grossely|1
bread|1
broad|2
fresh|1
audit|1
passage|2
hent|1
drunke|1
asleepe|1
pleasure|2
saluation|2
trip|1
kicke|1
stayes|1
physicke|1
prolongs|1
sickly|1
remain|1
prankes|1
screen|1
stoode|1
ene|5
coming|1
whats|1
rood|1
boudge|1
inmost|1
rat|3
ducate|1
slaine|5
rash|3
bloody|3
marrie|1
intruding|1
betters|1
find|3
busie|1
wringing|1
wring|1
penetrable|1
braz|1
bulwarke|1
sense|5
wag|3
tong|1
rude|2
blurres|1
blush|2
cals|3
hypocrite|1
innocent|1
blister|1
dicers|1
oathes|1
contraction|1
sweete|2
religion|1
rapsidie|1
solidity|1
compound|1
tristfull|1
doome|1
roares|1
thunders|1
index|1
counterfet|1
presentment|1
seated|1
hyperions|1
curles|1
front|1
threaten|1
herald|1
mercurie|1
lighted|1
combination|1
seale|2
assurance|2
mildew|1
blasting|1
wholsom|1
mountaine|3
batten|1
moore|1
hey|3
humble|1
waites|1
step|2
cousend|1
hoodman|1
blinde|1
mutine|1
matrons|1
waxe|1
proclaime|2
compulsiue|1
ardure|1
frost|1
actiuely|1
burne|2
panders|1
grained|1
spots|1
tinct|1
enseamed|1
stew|1
corruption|2
honying|1
nasty|1
stye|1
twentieth|1
tythe|1
precedent|1
vice|3
cutpurse|1
empire|1
rule|1
shelfe|1
precious|2
pocket|1
shreds|1
patches|1
houer|1
guards|1
tardy|1
chide|1
laps|1
important|1
acting|1
whet|1
blunted|1
fighting|2
weakest|1
strongest|1
workes|1
vacancie|1
corporall|1
peepe|2
soldiours|1
alarme|1
bedded|1
excrements|1
sprinkle|1
coole|1
glares|1
conioyn|1
preaching|1
stones|1
pitteous|1
conuert|2
sterne|1
steals|1
habite|2
portall|1
coynage|1
bodilesse|1
creation|1
pulse|1
temperately|1
healthfull|1
vttered|1
test|1
gamboll|1
flattering|1
vnction|2
trespasse|1
speakes|3
skin|1
filme|1
vlcerous|1
mining|1
infects|1
spred|2
compost|1
weedes|1
fatnesse|1
pursie|1
courb|1
cleft|1
worser|1
purer|1
vnkles|1
refraine|1
easinesse|2
next|4
abstinence|1
desirous|1
punish|1
scourge|2
minister|1
blunt|1
pinch|1
paire|2
reechie|1
padling|1
necke|2
rauell|1
essentially|1
sober|1
paddocke|1
bat|1
gibbe|1
concernings|1
despight|1
vnpegge|1
basket|2
houses|2
birds|1
famous|1
ape|2
conclusions|1
creepe|1
alacke|3
concluded|1
packing|1
lugge|1
guts|2
neighbor|1
roome|2
counsellor|1
prating|1
tugging|1
sighes|1
heaues|1
contend|1
mightier|1
lawlesse|1
rapier|3
brainish|1
threats|1
answered|1
laide|2
prouidence|2
restrain|1
haunt|1
owner|1
disease|1
divulging|1
apart|2
kild|1
oare|1
among|1
minerall|1
mettels|1
weepes|1
mountaines|2
excuse|1
ros|2
ayde|1
clossets|1
drag|1
chappell|2
vntimely|1
discord|1
dismay|1
safely|3
stowed|1
ro|1
compounded|1
kinne|1
besides|1
demanded|1
spundge|3
replication|1
sokes|1
authorities|1
officers|2
corner|1
iaw|2
swallowed|1
needes|1
glean|1
squeezing|1
dry|2
fox|1
multitude|1
offenders|1
deliberate|1
diseases|1
appliance|1
releeued|1
befalne|1
guarded|1
supper|2
eats|1
eaten|1
conuocation|1
wormes|2
worm|1
emperor|1
leane|1
dishes|1
progresse|1
messenger|4
staires|1
k|1
especial|1
deerely|1
fierie|1
quicknesse|1
barke|1
associates|1
purposes|2
cherube|1
leanes|1
holdst|1
thereof|1
cicatrice|1
raw|1
awe|2
payes|1
homage|1
maist|1
coniuring|1
hecticke|1
rages|1
cure|1
happes|1
armie|1
captaine|1
greet|1
license|1
claimes|1
conueyance|1
promis|2
rendeuous|1
importunate|1
distract|1
moode|1
pittied|1
trickes|2
hems|1
beats|1
enuiously|1
strawes|1
vnshaped|1
hearers|2
collection|2
ayme|1
botch|1
winkes|1
nods|1
gestures|1
yeeld|1
vnhappily|1
strew|2
coniectures|1
breeding|2
amisse|1
artlesse|1
spill|1
fearing|1
spilt|1
beauteous|1
cockle|1
staffe|1
sandal|1
shoone|1
song|1
turfe|1
stone|2
shrow|1
larded|2
bewept|1
showres|1
pretty|2
dil|1
owle|1
bakers|1
aske|2
aint|2
valentines|1
betime|1
window|1
valentine|1
clothes|1
dupt|1
dore|1
departed|1
la|2
ont|1
gis|1
charity|1
quoth|1
tumbled|1
yonder|1
hadst|1
choose|4
knowe|1
coach|1
springs|1
sorrowes|1
spies|1
battalians|1
people|1
muddied|1
vnwholsome|1
whispers|1
greenly|1
hugger|1
mugger|1
interre|1
diuided|1
pictures|1
beasts|2
containing|1
buzzers|1
infect|1
speeches|1
necessitie|1
beggard|1
arraigne|1
murdering|1
places|1
superfluous|1
noyse|2
switzers|1
mes|3
ocean|1
peering|1
eates|1
flats|1
impittious|1
riotous|1
rabble|1
antiquity|1
ratifiers|1
props|1
cry|3
caps|1
tongues|2
applaud|1
counter|1
dogges|1
broke|2
al|1
calmely|1
drop|1
calmes|1
bastard|1
cuckold|1
brands|1
harlot|1
chaste|1
vnsmirched|1
rebellion|1
gyant|1
diuinity|2
hedge|1
acts|2
incenst|1
fill|1
iuggel|1
allegeance|1
blackest|1
profoundest|1
pit|3
damnation|1
worlds|1
negligence|1
throughly|1
certaintie|1
soop|1
stake|1
winner|1
looser|1
ope|1
politician|1
repast|1
guiltlesse|1
leuell|1
pierce|1
drie|1
seuen|1
payed|1
waight|1
turnes|2
beame|1
instance|1
bore|4
fac|1
beer|1
non|1
nony|3
raines|1
doue|2
perswade|1
becomes|2
steward|1
nothings|1
rosemary|1
remembraunce|1
paconcies|1
document|1
fitted|1
fennell|1
columbines|1
ther|1
rew|2
herbe|1
sundaies|1
difference|1
daysie|1
violets|2
wither|1
bonny|1
robin|1
prettinesse|1
flaxen|1
mone|1
gramercy|1
choice|1
colaterall|1
satisfaction|1
ioyntly|1
due|1
obscure|1
buriall|5
trophee|1
hatchment|1
rite|1
formall|1
ostentation|1
axe|2
ser|1
saylors|2
greeted|1
saylor|1
ambassadours|1
reads|1
ouerlook|1
pyrate|1
warlicke|1
appointment|1
chace|1
compelled|1
valour|1
boorded|1
got|2
cleare|1
shippe|1
became|1
dealt|1
theeues|1
repaire|2
wouldest|2
knowest|1
speedier|1
acquittance|1
sith|1
knowing|1
pursued|1
proceeded|1
feates|1
crimefull|1
mainly|1
stirr|1
reasons|1
vnsinnowed|1
coniunctiue|1
moues|1
sphere|1
publike|1
gender|1
dipping|1
turneth|1
wood|1
gyues|1
slightly|2
timbred|1
loud|1
reuerted|1
driuen|1
praises|1
challenger|1
perfections|1
shooke|1
imagine|1
claudio|1
mighty|2
naked|2
kingly|1
thereunto|1
recount|1
abuse|1
postscript|1
aduise|1
warmes|1
diddest|1
rerule|1
checking|1
vndertake|2
exployt|1
ripe|1
deuice|1
vncharge|1
practice|3
monthes|1
normandy|1
ue|2
seru|2
ran|1
horsebacke|1
gallant|1
grew|1
seat|1
encorps|1
demy|1
natur|1
forgery|1
shapes|2
lamound|1
brooch|1
iemme|1
masterly|1
defence|2
especiall|1
cryed|1
envenom|3
enuy|1
painting|1
passages|1
qualifies|1
sparke|1
throat|2
church|2
sancturize|1
bounds|1
excellence|2
varnish|1
fame|1
frenchman|1
wager|6
heads|1
remisse|1
contriuing|1
peruse|1
foiles|1
vnbaited|1
requit|1
annoint|1
bought|1
mountebanke|1
dipt|1
knife|1
cataplasme|1
rare|1
simples|1
scratcht|1
conuenience|1
faile|1
performance|1
assaid|1
proiect|1
commings|1
bowts|1
prepar|1
challice|1
nonce|1
sipping|1
chance|2
venom|1
stuck|1
tread|1
anothers|1
heele|1
drown|6
willow|1
aslant|1
brooke|2
hore|1
glassie|1
streame|1
fantasticke|1
garlands|1
crow|1
nettles|1
daysies|1
purples|1
liberall|3
shepheards|1
grosser|1
pendant|1
boughes|1
coronet|1
clambring|1
enuious|1
sliuer|1
weedy|1
trophies|1
weeping|1
cloathes|1
mermaid|1
chaunted|1
snatches|1
tunes|1
incapable|1
distresse|1
indued|1
element|1
garments|1
pul|1
melodious|1
water|6
tricke|2
blaze|1
folly|1
doubts|1
calme|1
clown|2
wilfully|1
crowner|1
finds|1
clo|29
drowned|1
se|1
offendendo|1
wittingly|2
argues|1
branches|1
performe|1
argall|3
goodman|1
deluer|1
nill|1
drownes|1
shortens|1
crowners|1
quest|1
gentlewoman|1
folke|1
spade|4
ancient|1
gardiners|1
ditchers|1
makers|1
adams|1
profession|1
ar|1
heathen|1
scripture|2
adam|1
dig|1
digge|2
answerest|1
builds|2
mason|2
shipwright|2
carpenter|2
gallowes|4
outliues|1
tenants|1
built|1
vnyoake|1
cudgell|1
mend|1
ask|1
lasts|1
yaughan|1
stoupe|1
liquor|2
sings|4
contract|1
behoue|1
feeling|1
ee|3
imployment|2
daintier|1
stealing|1
steps|1
clutch|1
shipped|1
intill|1
scull|6
iowles|1
caines|1
bone|1
polititian|1
offices|1
circumuent|1
prais|1
chaplesse|1
knockt|1
mazard|1
sextons|1
reuolution|1
loggets|1
pickhaxe|1
shrowding|1
sheete|1
clay|3
guest|2
lawyer|1
quiddits|1
quillets|1
cases|1
tenures|1
tricks|1
knocke|1
sconce|1
dirty|1
shouell|1
battery|1
hum|1
buyer|1
statutes|1
recognizances|1
fines|2
vouchers|2
recoueries|2
recouery|1
dirt|2
vouch|1
purchases|1
breadth|1
indentures|1
conueyances|1
hardly|1
boxe|1
inheritor|1
iot|2
parchment|1
sheep|1
skinnes|2
calue|1
sheepe|1
calues|1
seek|1
liest|2
lyest|1
absolute|1
carde|1
equiuocation|1
vndoe|1
yeares|2
picked|1
kibe|1
recame|1
strangely|2
loosing|1
sixeteene|1
thirty|1
lie|1
rot|1
pocky|1
coarses|1
adaies|1
scarce|1
eight|1
nine|2
tanner|1
tan|1
decayer|1
horson|1
heres|1
scul|1
laine|1
years|1
whoreson|1
pestilence|1
pour|1
flaggon|1
yoricks|1
iester|1
yorick|1
fancy|2
abhorred|1
gorge|1
hung|1
lipps|1
kist|1
iibes|1
gambals|1
flashes|1
merriment|1
rore|1
ieering|1
chopfalne|1
paint|1
inch|1
alexander|5
smelt|1
trace|1
stopping|1
bunghole|1
curiously|1
thether|1
likeliehood|1
died|1
returneth|1
lome|2
conuerted|1
stopp|1
beere|1
barrell|1
hole|1
patch|1
wall|1
winters|1
flaw|1
aside|1
coffin|1
maimed|1
rites|4
betoken|1
disperate|1
cerimony|2
priest|3
obsequies|1
inlarg|1
warrantie|1
swaies|1
vnsanctified|1
lodg|1
praier|1
shardes|1
flints|1
peebles|1
allowed|2
virgin|1
strewments|1
bringing|1
prophane|1
sage|1
requiem|1
parted|1
vnpolluted|1
churlish|1
ministring|1
howling|1
sweets|1
hop|1
bride|1
deckt|1
terrible|1
woer|1
trebble|1
ingenious|1
depriu|1
leaps|1
pile|1
pelion|1
skyish|1
blew|1
olympus|1
griefes|1
emphasis|1
wandring|1
wounded|2
deuill|1
prai|1
spleenatiue|1
wisenesse|1
asunder|1
gen|1
fight|3
vppon|1
theme|1
vntill|1
eielids|1
fortie|1
summe|1
forbeare|1
lt|2
woo|4
esile|1
crocodile|1
whine|1
outface|1
leaping|1
prate|1
millions|1
akers|1
sindging|1
zone|1
ossa|1
wart|1
rant|1
female|1
cuplet|1
drooping|1
cat|1
mew|1
strengthen|1
push|1
monument|1
proceeding|1
mutines|1
bilboes|1
rashly|1
rashnesse|1
indiscretion|1
plots|2
paule|1
rough|1
cabin|1
gowne|1
scarft|1
darke|1
grop|1
packet|1
withdrew|1
feares|1
forgetting|1
manners|1
vnseale|1
grand|1
knauery|1
exact|1
seuerall|1
sorts|1
denmarks|1
englands|1
hoo|1
bugges|1
goblins|1
superuize|1
leasure|1
bated|1
grinding|1
struck|1
leysure|2
proceed|1
benetted|1
villaines|1
deuis|1
wrote|2
statists|1
basenesse|1
write|1
laboured|1
learning|1
yeomans|1
seriuce|1
earnest|1
coniuration|1
tributary|1
wheaten|1
garland|1
comma|1
tweene|1
amities|1
assis|1
view|2
contents|1
debatement|1
bearers|1
shriuing|1
ordinate|1
signet|1
modell|1
folded|1
subscrib|1
gau|1
impression|1
changeling|1
sement|1
debate|1
insinuation|1
incensed|1
opposites|1
thinkst|1
kil|1
whor|1
popt|1
hopes|1
angle|1
coozenage|1
perfect|1
quit|2
euill|2
interim|1
portraiture|1
brauery|1
towring|1
osricke|5
osr|18
thank|1
waterflie|1
fertile|1
crib|1
messe|1
chowgh|1
spacious|1
possession|1
diligence|1
bonet|1
northerly|1
soultry|2
exceedingly|1
laid|2
weapon|2
dagger|1
weapons|1
six|1
barbary|2
horses|2
impon|2
sixe|3
poniards|1
assignes|2
girdle|1
hangers|3
carriages|5
responsiue|1
hilts|1
delicate|1
germaine|1
swords|1
conceited|1
passes|1
exceed|1
imediate|1
tryall|2
hall|1
foyles|5
win|2
gaine|1
redeliuer|1
lapwing|1
runs|1
shell|1
complie|1
dugge|1
drossie|1
dotes|1
yesty|1
carries|1
winnowed|1
tryalls|1
bubbles|1
continuall|1
winne|1
oddes|3
foolery|1
gain|1
trouble|1
dislike|1
forestall|1
whit|1
defie|1
augury|1
sparrow|1
readinesse|1
betimes|1
attendants|2
gauntlets|1
flagons|1
wine|2
punisht|1
exception|1
denies|1
faction|1
disclaiming|1
purpos|1
arrow|1
hurt|2
satisfied|1
case|1
reconcilement|1
elder|1
president|1
vngorg|1
embrace|2
foile|1
darkest|1
mocke|1
cousen|1
weaker|1
stopes|1
hit|5
exchange|2
battlements|1
ordinance|1
cup|4
vnion|2
successiue|1
denmarkes|1
worne|1
cups|1
trumpets|2
cannoneer|1
cannons|1
iudges|1
palpable|1
pearle|1
bout|1
scant|1
napkin|1
browes|1
carowses|1
dally|1
affear|1
scuffling|1
incens|1
bleed|1
woodcocke|1
sprindge|1
treacherie|2
sounds|1
bleede|1
villany|1
lock|1
medicine|1
vnbated|1
practise|1
hurts|1
murdrous|1
potion|1
dyes|3
temp|1
forgiuenesse|1
adiew|1
sergeant|1
strick|1
arrest|1
liu|1
causes|1
vnsatisfied|1
antike|1
roman|1
standing|1
vnknowne|1
behind|1
absent|1
felicitie|1
paine|1
storie|1
afarre|1
shout|1
conquest|1
poland|1
volly|1
crowes|1
dying|1
occurrents|1
solicited|1
cracke|1
flights|1
drumme|2
english|1
ambassador|1
colours|1
fortin|1
search|1
quarry|1
hauocke|1
proud|1
cell|1
princes|1
shoote|2
bloodily|1
amb|1
affaires|1
fulfill|1
abilitie|1
iumpe|1
bloodie|1
polake|1
warres|1
arriued|1
placed|1
vnknowing|1
carnall|1
bloudie|1
accidentall|1
casuall|1
slaughters|1
vpshot|1
mistooke|1
inuentors|1
noblest|1
claime|1
inuite|1
perform|1
whiles|1
mindes|1
errors|1
happen|1
captaines|1
royally|1
souldiours|1
lowdly|1
field|1
amis|1
souldiers|1
marching|1
peale|1
ordenance|1
finis|1
